{"cameraMode":{"drawMode":0,"name":"Shaded","section":"Shading Mode"},"sceneLighting":true,"audioPlay":false,"sceneViewState":{"m_AlwaysRefresh":false,"showFog":true,"showSkybox":true,"showFlares":true,"showImageEffects":true,"showParticleSystems":true,"showVisualEffectGraphs":true,"m_FxEnabled":true},"in2DMode":false,"pivot":{"x":-27.291946411132814,"y":2.5126028060913088,"z":-6.186214447021484},"rotation":{"x":-0.004783100448548794,"y":0.3480546474456787,"z":0.0017763508949428797,"w":0.9374614953994751},"size":2.505282163619995,"orthographic":false}